<?xml version="1.0" encoding="UTF-8"?>
<!DOCTYPE suite SYSTEM "https://testng.org/testng-1.0.dtd">
<suite thread-count = "5" parallel="tests" name="Suite" verbose="5">
  <parameter  name="url" value="http://leaftaps.com/opentaps/" />
  <parameter  name="username" value="democsr" />
  <parameter  name="password" value="crmsfa" />
  <test thread-count="5" name="Test1">
  	<parameter  name="username" value="democsr" />
  	<parameter name ="browser" value ="chrome" />
    <classes>
      <class name="week6.day2.EditLead"/>
    </classes>
  </test> <!-- Test -->
  <test thread-count="5" name="Test2">
  	<parameter  name="username" value="demosalesmanager" />
  	<parameter name ="browser" value ="chrome" />
    <classes>
      <class name="week6.day2.CreateLead"/>
    </classes>
  </test> <!-- Test -->
</suite> <!-- Suite -->
